quality,error
양품,1
양품,1
양품,1
양품,1
양품,1
양품,1
양품,1
양품,1
양품,1
양품,1
양품,1
양품,1
양품,1
양품,1
양품,1
양품,1
양품,1
양품,1
양품,1
양품,1
양품,1
양품,1
양품,1
양품,1
양품,1
양품,1
양품,1
양품,1
양품,1
양품,1
양품,1
양품,1
양품,1
양품,1
양품,1
양품,1
양품,1
양품,1
양품,1
양품,1
양품,1
양품,1
양품,1
양품,1
양품,1
양품,1
양품,1
양품,1
양품,1
양품,1
양품,1
양품,1
양품,1
양품,1
양품,1
양품,1
양품,1
양품,1
양품,1
양품,1
양품,1
양품,1
양품,1
양품,1
양품,1
양품,1
양품,1
양품,1
양품,1
양품,1
양품,1
양품,1
양품,1
양품,1
양품,1
양품,1
양품,1
양품,1
양품,1
양품,1
양품,1
양품,1
양품,1
양품,1
양품,1
양품,1
양품,1
양품,1
양품,1
양품,1
양품,1
양품,1
양품,1
양품,1
양품,1
양품,1
양품,1
양품,1
양품,1
양품,1
양품,1
양품,1
양품,1
양품,1
양품,1
양품,1
양품,1
양품,1
양품,1
양품,1
양품,1
양품,1
양품,1
양품,1
양품,1
양품,1
양품,1
양품,1
양품,1
양품,1
양품,1
양품,1
양품,1
양품,1
양품,1
양품,1
양품,1
양품,1
양품,1
양품,1
양품,1
양품,1
양품,1
양품,1
양품,1
양품,1
양품,1
양품,1
양품,1
양품,1
양품,1
양품,1
양품,1
양품,1
양품,1
양품,1
양품,1
양품,1
양품,1
양품,1
양품,1
양품,1
양품,1
양품,1
양품,1
양품,1
양품,1
양품,1
양품,1
양품,1
양품,1
양품,1
양품,1
양품,1
양품,1
양품,1
양품,1
양품,1
양품,1
양품,1
양품,1
양품,1
양품,1
양품,1
양품,1
양품,1
양품,1
양품,1
양품,1
양품,1
양품,1
양품,1
양품,1
양품,1
양품,1
양품,1
양품,1
양품,1
양품,1
양품,1
양품,1
양품,1
양품,1
양품,1
양품,1
양품,1
양품,1
양품,1
양품,1
양품,1
양품,1
양품,1
양품,1
양품,1
양품,1
양품,1
양품,1
양품,1
양품,1
양품,1
양품,1
양품,1
양품,1
양품,1
양품,1
양품,1
양품,1
양품,1
양품,1
양품,1
양품,1
양품,1
양품,1
양품,1
양품,1
양품,1
양품,1
양품,1
양품,1
양품,1
양품,1
양품,1
양품,1
양품,1
양품,1
양품,1
양품,1
양품,1
양품,1
양품,1
양품,1
양품,1
양품,1
양품,1
양품,1
양품,1
양품,1
양품,1
양품,1
양품,1
양품,1
양품,1
양품,1
양품,1
양품,1
양품,1
양품,1
양품,1
양품,1
양품,1
양품,1
양품,1
양품,1
양품,1
양품,1
양품,1
양품,1
양품,1
양품,1
양품,1
양품,1
양품,1
양품,1
양품,1
양품,1
양품,1
양품,1
양품,1
양품,1
양품,1
양품,1
양품,1
양품,1
양품,1
양품,1
양품,1
양품,1
양품,1
양품,1
양품,1
양품,1
양품,1
양품,1
양품,1
양품,1
양품,1
양품,1
양품,1
양품,1
양품,1
양품,1
양품,1
양품,1
양품,1
양품,1
양품,1
양품,1
양품,1
양품,1
양품,1
양품,1
양품,1
양품,1
양품,1
양품,1
양품,1
양품,1
양품,1
양품,1
양품,1
양품,1
양품,1
양품,1
양품,1
양품,1
양품,1
양품,1
양품,1
양품,1
양품,1
양품,1
양품,1
양품,1
양품,1
양품,1
양품,1
양품,1
양품,1
양품,1
양품,1
양품,1
양품,1
양품,1
양품,1
양품,1
양품,1
양품,1
양품,1
양품,1
양품,1
양품,1
양품,1
양품,1
양품,1
양품,1
양품,1
양품,1
양품,1
양품,1
양품,1
양품,1
양품,1
양품,1
양품,1
양품,1
양품,1
양품,1
양품,1
양품,1
양품,1
양품,1
양품,1
양품,1
양품,1
양품,1
양품,1
양품,1
양품,1
양품,1
양품,1
양품,1
양품,1
양품,1
양품,1
양품,1
양품,1
양품,1
양품,1
양품,1
양품,1
양품,1
양품,1
양품,1
양품,1
양품,1
양품,1
양품,1
양품,1
양품,1
양품,1
양품,1
양품,1
양품,1
양품,1
양품,1
양품,1
양품,1
양품,1
양품,1
양품,1
양품,1
양품,1
양품,1
양품,1
양품,1
양품,1
양품,1
양품,1
양품,1
양품,1
양품,1
양품,1
양품,1
양품,1
양품,1
양품,1
양품,1
양품,1
양품,1
양품,1
양품,1
양품,1
양품,1
양품,1
양품,1
양품,1
양품,1
양품,1
양품,1
양품,1
불량품,0
불량품,0
불량품,0
불량품,0
불량품,0
불량품,0
불량품,0
불량품,0
불량품,0
불량품,0
불량품,0
불량품,0
불량품,0
불량품,0
불량품,0
불량품,0
불량품,0
불량품,0
불량품,0
불량품,0
불량품,0
불량품,0
불량품,0
불량품,0
불량품,0
불량품,0
불량품,0
불량품,0
불량품,0
불량품,0
불량품,0
불량품,0
불량품,0
불량품,0
불량품,0
불량품,0
불량품,0
불량품,0
불량품,0
불량품,0
불량품,0
불량품,0
불량품,0
불량품,0
불량품,0
불량품,0
불량품,0
불량품,0
불량품,0
불량품,0
불량품,0
불량품,0
불량품,0
불량품,0
불량품,0
불량품,0
불량품,0
불량품,0
불량품,0
불량품,0
불량품,0
불량품,0
불량품,0
불량품,0
불량품,0
불량품,0
불량품,0
불량품,0
불량품,0
불량품,0
불량품,0
불량품,0
불량품,0
불량품,0
불량품,0
불량품,0
불량품,0
불량품,0
불량품,0
불량품,0
불량품,0
불량품,0
불량품,0
불량품,0
불량품,0
불량품,0
불량품,0
불량품,0
불량품,0
불량품,0
불량품,0
불량품,0
불량품,0
불량품,0
불량품,0
불량품,0
불량품,0
불량품,0
불량품,0
불량품,0
불량품,0
불량품,0
불량품,0
불량품,0
불량품,0
불량품,0
불량품,0
불량품,0
불량품,0
불량품,0
불량품,0
불량품,0
불량품,0
불량품,0
불량품,0
불량품,0
불량품,0
불량품,0
불량품,0
불량품,0
불량품,0
불량품,0
불량품,0
불량품,0
불량품,0
불량품,0
불량품,0
불량품,0
불량품,0
불량품,0
불량품,0
불량품,0
불량품,0
불량품,0
불량품,0
불량품,0
불량품,0
불량품,0
불량품,0
불량품,0
불량품,0
불량품,0
불량품,0
불량품,0
불량품,0
불량품,0
불량품,0
불량품,0
불량품,0
불량품,0
불량품,0
불량품,0
불량품,0
불량품,0
불량품,0
불량품,0
불량품,0
불량품,0
불량품,0
불량품,0
불량품,0
불량품,0
불량품,0
불량품,0
불량품,0
불량품,0
불량품,0
불량품,0
불량품,0
불량품,0
불량품,0
불량품,0
불량품,0
불량품,0
불량품,0
불량품,0
불량품,0
불량품,0
불량품,0
불량품,0
불량품,0
불량품,0
불량품,0
불량품,0
불량품,0
불량품,0
불량품,0
불량품,0
불량품,0
불량품,0
불량품,0
불량품,0
불량품,0
불량품,0
불량품,0
불량품,0
불량품,0
불량품,0
불량품,0
불량품,0
불량품,0
불량품,0
불량품,0
불량품,0
불량품,0
불량품,0
불량품,0
불량품,0
불량품,0
불량품,0
불량품,0
불량품,0
불량품,0
불량품,0
불량품,0
불량품,0
불량품,0
불량품,0
불량품,0
불량품,0
불량품,0
불량품,0
불량품,0
불량품,0
불량품,0
불량품,0
불량품,0
불량품,0
불량품,0
불량품,0
불량품,0
불량품,0
불량품,0
불량품,0
불량품,0
불량품,0
불량품,0
불량품,0
불량품,0
불량품,0
불량품,0
불량품,0
불량품,0
불량품,0
불량품,0
불량품,0
불량품,0
불량품,0
불량품,0
불량품,0
불량품,0
불량품,0
불량품,0
불량품,0
불량품,0
불량품,0
불량품,0
불량품,0
불량품,0
불량품,0
불량품,0
불량품,0
불량품,0
불량품,0
불량품,0
불량품,0
불량품,0
불량품,0
불량품,0
불량품,0
불량품,0
불량품,0
불량품,0
불량품,0
불량품,0
불량품,0
불량품,0
불량품,0
불량품,0
불량품,0
불량품,0
불량품,0
불량품,0
불량품,0
불량품,0
불량품,0
불량품,0
불량품,0
불량품,0
불량품,0
불량품,0
불량품,0
불량품,0
불량품,0
불량품,0
불량품,0
불량품,0
불량품,0
불량품,0
불량품,0
불량품,0
불량품,0
불량품,0
불량품,0
불량품,0
불량품,0
불량품,0
불량품,0
불량품,0
불량품,0
불량품,0
불량품,0
불량품,0
불량품,0
불량품,0
불량품,0
불량품,0
불량품,0
불량품,0
불량품,0
불량품,0
불량품,0
불량품,0
불량품,0
불량품,0
불량품,0
불량품,0
불량품,0
불량품,0
불량품,0
불량품,0
불량품,0
불량품,0
불량품,0
불량품,0
불량품,0
불량품,0
불량품,0
불량품,0
불량품,0
불량품,0
불량품,0
불량품,0
불량품,0
불량품,0
불량품,0
불량품,0
불량품,0
불량품,0
불량품,0
불량품,0
불량품,0
불량품,0
불량품,0
불량품,0
불량품,0
불량품,0
불량품,0
불량품,0
불량품,0
불량품,0
불량품,0
불량품,0
불량품,0
불량품,0
불량품,0
불량품,0
불량품,0
불량품,0
불량품,0
불량품,0
불량품,0
불량품,0
불량품,0
불량품,0
불량품,0
불량품,0
불량품,0
불량품,0
불량품,0
불량품,0
불량품,0
불량품,0
불량품,0
불량품,0
불량품,0
불량품,0
불량품,0
불량품,0
불량품,0
불량품,0
불량품,0
불량품,0
불량품,0
불량품,0
불량품,0
불량품,0
불량품,0
불량품,0
불량품,0
불량품,0
불량품,0
불량품,0
불량품,0
불량품,0
불량품,0
불량품,0
불량품,0
불량품,0
불량품,0
불량품,0
불량품,0
불량품,0
불량품,0
불량품,0
불량품,0
불량품,0
불량품,0
불량품,0
불량품,0
불량품,0
불량품,0
불량품,0
불량품,0
불량품,0
불량품,0
불량품,0
불량품,0
불량품,0
불량품,0
불량품,0
불량품,0
불량품,0
불량품,0
불량품,0
불량품,0
불량품,0
불량품,0
불량품,0
불량품,0
불량품,0
불량품,0
불량품,0
불량품,0
불량품,0
불량품,0
불량품,0
불량품,0
불량품,0
불량품,0
불량품,0
불량품,0
불량품,0
불량품,0
불량품,0
불량품,0
불량품,0
불량품,0
불량품,0
불량품,0
불량품,0
불량품,0
불량품,0
불량품,0
불량품,0
불량품,0
불량품,0
불량품,0
불량품,0
불량품,0
불량품,0
불량품,0
불량품,0
불량품,0
불량품,0
불량품,0
불량품,0
불량품,0
불량품,0
불량품,0
불량품,0
불량품,0
불량품,0
불량품,0
불량품,0
불량품,0
불량품,0
불량품,0
불량품,0
불량품,0
불량품,0
불량품,0
불량품,0
불량품,0
불량품,0
불량품,0
불량품,0
불량품,0
불량품,0
불량품,0
불량품,0
불량품,0
불량품,0
불량품,0
불량품,0
불량품,0
불량품,0
불량품,0
불량품,0
불량품,0
불량품,0
불량품,0
불량품,0
불량품,0
불량품,0
불량품,0
불량품,0
불량품,0
불량품,0
불량품,0
불량품,0
불량품,0
불량품,0
불량품,0
불량품,0
불량품,0
불량품,0
불량품,0
불량품,0
불량품,0
불량품,0
불량품,0
불량품,0
불량품,0
불량품,0
불량품,0
불량품,0
불량품,0
불량품,0
불량품,0
불량품,0
불량품,0
불량품,0
불량품,0
불량품,0
불량품,0
불량품,0
불량품,0
불량품,0
불량품,0
불량품,0
불량품,0
불량품,0
불량품,0
불량품,0
불량품,0
불량품,0
불량품,0
불량품,0
불량품,0
불량품,0
불량품,0
불량품,0
불량품,0
불량품,0
불량품,0
불량품,0
불량품,0
불량품,0
불량품,0
불량품,0
불량품,0
불량품,0
불량품,0
불량품,0
불량품,0
불량품,0
불량품,0
불량품,0
불량품,0
불량품,0
불량품,0
불량품,0
불량품,0
불량품,0
불량품,0
불량품,0
불량품,0
불량품,0
불량품,0
불량품,0
불량품,0
불량품,0
불량품,0
불량품,0
불량품,0
불량품,0
불량품,0
불량품,0
불량품,0
불량품,0
불량품,0
불량품,0
불량품,0
불량품,0
불량품,0
불량품,0
불량품,0
불량품,0
불량품,0
불량품,0
불량품,0
불량품,0
불량품,0
불량품,0
불량품,0
불량품,0
불량품,0
불량품,0
불량품,0
불량품,0
불량품,0
불량품,0
불량품,0
불량품,0
불량품,0
불량품,0
불량품,0
불량품,0
불량품,0
불량품,0
불량품,0
불량품,0
불량품,0
불량품,0
불량품,0
불량품,0
불량품,0
불량품,0
불량품,0
불량품,0
불량품,0
불량품,0
불량품,0
불량품,0
불량품,0
불량품,0
불량품,0
불량품,0
불량품,0
불량품,0
불량품,0
불량품,0
불량품,0
불량품,0
불량품,0
불량품,0
불량품,0
불량품,0
불량품,0
불량품,0
불량품,0
불량품,0
불량품,0
불량품,0
불량품,0
불량품,0
불량품,0
불량품,0
불량품,0
불량품,0
불량품,0
불량품,0
불량품,0
불량품,0
불량품,0
불량품,0
불량품,0
불량품,0
불량품,0
불량품,0
불량품,0
불량품,0
불량품,0
불량품,0
불량품,0
불량품,0
불량품,0
불량품,0
불량품,0
불량품,0
불량품,0
불량품,0
불량품,0
불량품,0
불량품,0
불량품,0
불량품,0
불량품,0
불량품,0
불량품,0
불량품,0
불량품,0
불량품,0
불량품,0
불량품,0
불량품,0
불량품,0
불량품,0
불량품,0
불량품,0
불량품,0
불량품,0
불량품,0
불량품,0
불량품,0
불량품,0
불량품,0
불량품,0
불량품,0
불량품,0
불량품,0
불량품,0
불량품,0
불량품,0
불량품,0
불량품,0
불량품,0
불량품,0
불량품,0
불량품,0
불량품,0
불량품,0
불량품,0
불량품,0
불량품,0
불량품,0
불량품,0
불량품,0
불량품,0
불량품,0
불량품,0
불량품,0
불량품,0
불량품,0
불량품,0
불량품,0
불량품,0
불량품,0
불량품,0
불량품,0
불량품,0
불량품,0
불량품,0
불량품,0
불량품,0
불량품,0
불량품,0
불량품,0
불량품,0
불량품,0
불량품,0
불량품,0
불량품,0
불량품,0
불량품,0
불량품,0
불량품,0
불량품,0
불량품,0
불량품,0
불량품,0
불량품,0
불량품,0
불량품,0
불량품,0
불량품,0
불량품,0
불량품,0
불량품,0
불량품,0
불량품,0
불량품,0
불량품,0
불량품,0
불량품,0
불량품,0
불량품,0
불량품,0
불량품,0
불량품,0
불량품,0
불량품,0
불량품,0
불량품,0
불량품,0
불량품,0
불량품,0
불량품,0
불량품,0
불량품,0
불량품,0
불량품,0
불량품,0
불량품,0
불량품,0
불량품,0
불량품,0
불량품,0
불량품,0
불량품,0
불량품,0
불량품,0
불량품,0
불량품,0
불량품,0
불량품,0
불량품,0
불량품,0
불량품,0
불량품,0
불량품,0
불량품,0
불량품,0
불량품,0
불량품,0
불량품,0
불량품,0
불량품,0
불량품,0
불량품,0
불량품,0
불량품,0
불량품,0
불량품,0
불량품,0
불량품,0
불량품,0
불량품,0
불량품,0
불량품,0
불량품,0
불량품,0
불량품,0
불량품,0
불량품,0
불량품,0
불량품,0
불량품,0
불량품,0
불량품,0
불량품,0
불량품,0
불량품,0
불량품,0
불량품,0
불량품,0
불량품,0
불량품,0
불량품,0
불량품,0
불량품,0
불량품,0
불량품,0
불량품,0
불량품,0
불량품,0
불량품,0
불량품,0
불량품,0
불량품,0
불량품,0
불량품,0
불량품,0
불량품,0
불량품,0
불량품,0
불량품,0
불량품,0
불량품,0
불량품,0
불량품,0
불량품,0
불량품,0
불량품,0
불량품,0
불량품,0
불량품,0
불량품,0
불량품,0
불량품,0
불량품,0
불량품,0
불량품,0
불량품,0
불량품,0
불량품,0
불량품,0
불량품,0
불량품,0
불량품,0
불량품,0
불량품,0
불량품,0
불량품,0
불량품,0
불량품,0
불량품,0
불량품,0
불량품,0
불량품,0
불량품,0
불량품,0
불량품,0
불량품,0
불량품,0
불량품,0
불량품,0
불량품,0
불량품,0
불량품,0
불량품,0
불량품,0
불량품,0
불량품,0
불량품,0
불량품,0
불량품,0
불량품,0
불량품,0
불량품,0
불량품,0
불량품,0
불량품,0
불량품,0
불량품,0
불량품,0
불량품,0
불량품,0
불량품,0
불량품,0
불량품,0
불량품,0
불량품,0
불량품,0
불량품,0
불량품,0
불량품,0
불량품,0
불량품,0
불량품,0
불량품,0
불량품,0
불량품,0
불량품,0
불량품,0
불량품,0
불량품,0
불량품,0
불량품,0
불량품,0
불량품,0
불량품,0
불량품,0
불량품,0
불량품,0
불량품,0
불량품,0
불량품,0
불량품,0
불량품,0
불량품,0
불량품,0
불량품,0
불량품,0
불량품,0
불량품,0
불량품,0
불량품,0
불량품,0
불량품,0
불량품,0
불량품,0
불량품,0
불량품,0
불량품,0
불량품,0
불량품,0
불량품,0
불량품,0
불량품,0
불량품,0
불량품,0
불량품,0
불량품,0
불량품,0
불량품,0
불량품,0
불량품,0
불량품,0
불량품,0
불량품,0
불량품,0
불량품,0
불량품,0
불량품,0
불량품,0
불량품,0
불량품,0
불량품,0
불량품,0
불량품,0
불량품,0
불량품,0
불량품,0
불량품,0
불량품,0
불량품,0
불량품,0
불량품,0
불량품,0
불량품,0
불량품,0
불량품,0
불량품,0
불량품,0
불량품,0
불량품,0
불량품,0
불량품,0
불량품,0
불량품,0
불량품,0
불량품,0
불량품,0
불량품,0
불량품,0
불량품,0
불량품,0
불량품,0
불량품,0
불량품,0
불량품,0
불량품,0
불량품,0
불량품,0
불량품,0
불량품,0
불량품,0
불량품,0
불량품,0
불량품,0
불량품,0
불량품,0
